-- Correct the Dummy data to make sense --
INSERT INTO Service(Name, [Price (excl. VAT)]) VALUES 
('Oil Change', 24.99),
('Tire Rotation', 12.50),
('Brake Inspection', 30.00),
('Engine Diagnostics', 42.00),
('Battery Replacement', 100.00)

INSERT INTO Make(Name) VALUES
('Toyota'),
('Ford'),
('Honda'),
('BMW'),
('Chevrolet');

INSERT INTO Model(Name) VALUES
('Corolla'),
('F-150'),
('Civic'),
('3 Series'),
('Silverado');

INSERT INTO Fuel(Name) VALUES
('Petrol'),
('Diesel'),
('Electric'),
('Hybrid'),
('CNG');

INSERT INTO Customer(FirstName, LastName, Email, PhoneNumber) VALUES
('John', 'Doe', 'johndoe@example.com', '0123456789'),
('Jane', 'Smith', 'janesmith@example.com', '0234567890'),
('Mary', 'Johnson', 'maryjohnson@example.com', '0345678901'),
('James', 'Williams', 'jameswilliams@example.com', '0456789012'),
('Patricia', 'Brown', 'patriciabrown@example.com', '0567890123');

INSERT INTO Vehicle(LicensePlate, Year, VIN, Mileage, MakeId, ModelId, FuelId, CustomerId) VALUES
('ABC1234', '2020-01-01', '1HGBH41JXMN109186', 50000, '2BC9C865-A317-4D3E-BB81-11ABB54583E3', '87895052-84B0-42F9-A816-C7E65EB0D376', '3FEABEF4-4737-402A-A00A-E73253387209', 'B1F0A22D-081C-47F9-866B-197EEB7B2DB4'),
('XYZ5678', '2022-03-15', '2AB2C3D4X5EY67891', 30000, 'C0337631-799B-47A9-B1DB-13BBB8DA5C0D', '8064F775-4731-4067-AC16-2569201D51B0', '3FEABEF4-4737-402A-A00A-E73253387209', '3706ADD2-5CC9-43E7-B659-303088406200'),
('LMN9101', '2018-07-10', '3CD3E4F5A6BY91011', 80000, '081AEEB7-5ABB-4863-BE6E-930FF0772972', '73A7C19B-3DB1-4AA6-9CFA-CC5D905922BA', 'F62306B3-FC04-45EB-AF60-1EDFED831954', '11B7EDCB-E8A4-4B7C-86E1-374BE154FBEB'),
('JKL4321', '2021-05-19', '4GH5I6J7K8LY12345', 45000, '745E8226-B873-44F0-A91A-97A27A5A2DFE', '32C0FD3E-E99B-4EAC-B98B-0826D8CBA366', '918CB0E2-EF3F-4403-BF16-450593975D82', '65685B7F-311F-4D1C-AFF7-AB29660AFF81'),
('QRS6789', '2019-08-22', '5A6B7C8D9EXYZ9876', 120000, '87BFF88D-C392-4C60-B5C3-C1ED1CE4D763', 'F9577BA1-1543-4101-BDA7-6178901B5DFA', '3FEABEF4-4737-402A-A00A-E73253387209', '65416A42-FF7B-4A0A-8EAD-E6EDE7B0D928');

INSERT INTO ServiceBatch(Complete, To_be_completed, Cancelled, CreatedAt, Status) VALUES
(0, 10, 0, '2025-04-08', 'Scheduled'),
(0, 5, 1, '2025-04-07', 'Cancelled'),
(1, 1, 0, '2025-04-06', 'Complete'),
(0, 8, 0, '2025-04-05', 'Scheduled'),
(0, 12, 0, '2025-04-04', 'Scheduled');

INSERT INTO ScheduledService(Complete, ScheduledDate, AppointmentDate, Status, VehicleId, ServiceId, BatchId) VALUES
(0, '2025-04-08', '2025-04-10', 'Scheduled', '065DCCF4-6D1D-4575-85D5-0EBAD5C26628', '34BECC6C-1B03-400B-A7D7-2727D2054008', '02D6821A-E730-42A6-AA66-0C7EC5F495ED'),
(1, '2025-04-06', '2025-04-08', 'Complete', 'EE776D16-7D92-46E9-BC16-33C868CC8CB7', '608F4305-CE0A-4A41-A077-42F313E924B8', 'D0F291A5-2B34-4D37-8DA3-625C520D7D12'),
(0, '2025-04-07', '2025-04-10', 'Cancelled', '8BE0061F-DF44-4653-96CF-43A7485041A3', '4C8EF1AC-9D8D-4C84-BAC6-651C2A4C627B', 'EAA3D948-34E5-454E-974A-027078B10403'),
(0, '2025-04-06', '2025-04-08', 'Scheduled', '2F2B5B8B-F1FC-44C3-98CA-AFDC30EB5A4E', '79DE3D55-A7EB-469B-8484-87F5A97D6D17', 'ABC52FDB-995E-4EA2-BA64-AB857DACDA96'),
(0, '2025-04-06', '2025-04-08', 'Scheduled', '3A012466-0800-405E-BC95-EC3AF1752CE6', '4529D652-64CE-4E6C-A163-C5BD552ACCC3', 'A40110BB-0DE7-48D8-BD22-E2435288B75D');

INSERT INTO Invoice(CreationDate, TotalAmount, AmountDue, Status, BatchId) VALUES
('2025-04-08', 200.00, 180.00, 'Not Sent', 'D0F291A5-2B34-4D37-8DA3-625C520D7D12'),
('2025-04-07', 150.00, 150.00, 'Sent', 'EAA3D948-34E5-454E-974A-027078B10403'),
('2025-04-06', 180.00, 150.00, 'Partially Paid', '02D6821A-E730-42A6-AA66-0C7EC5F495ED'),
('2025-04-05', 220.00, 200.00, 'Paid', 'ABC52FDB-995E-4EA2-BA64-AB857DACDA96'),
('2025-04-04', 250.00, 250.00, 'Not Sent', 'A40110BB-0DE7-48D8-BD22-E2435288B75D');

INSERT INTO Payment(AmountPaid, PaymentDate, PaymentMethod, InvoiceId) VALUES
(150.00, '2025-04-08', 'Credit Card', '30E0D438-6385-4C14-8769-4CF7E082DA64'),
(100.00, '2025-04-07', 'Debit Card', 'C81D96A8-428F-4B98-BD4C-5C13661A898C'),
(50.00, '2025-04-06', 'Cash', 'F86CF28F-0768-4B64-9195-64DD6BF1D26F'),
(220.00, '2025-04-05', 'Bank Transfer', 'AD20BDBF-23E1-4D33-89B0-9D6CDA71F06D'),
(250.00, '2025-04-04', 'Credit Card', 'FD7B7CAC-DBC7-496B-9737-D28629185EBB');